<?xml version="1.0" encoding="UTF-8"?>
<addon id="repository.mackodi" name="Mackodi Repository" version="1.0.0" provider-name="Mackodi">
	<extension point="xbmc.addon.repository" name="Mackodi Repository">
		<info compressed="false">https://mcdonald-conor.github.io/mackodi/repo/addons.xml</info>
		<checksum>https://mcdonald-conor.github.io/mackodi/repo/addons.xml.md5</checksum>
		<datadir zip="true">https://mcdonald-conor.github.io/mackodi/repo/zips/</datadir>
	</extension>
	<extension point="xbmc.addon.metadata">
		<summary lang="en_GB">Mackodi add-on repository</summary>
		<description lang="en_GB">Repository for the Mackodi installer and skin.</description>
		<platform>all</platform>
	</extension>
</addon>
