<?xml version="1.0" encoding="UTF-8"?>
<window>
	<defaultcontrol>9000</defaultcontrol>
	<onload condition="Skin.HasSetting(splash_enabled)">AlarmClock(splash_home,ReplaceWindow(Home),00:02,True)</onload>
	<onload condition="!Skin.HasSetting(splash_enabled)">ReplaceWindow(Home)</onload>
	<controls>
		<control type="image">
			<include>FullScreenDimensions</include>
			<texture>colors/black.png</texture>
		</control>
		<control type="image" id="9000">
			<left>660</left>
			<top>220</top>
			<width>600</width>
			<height>600</height>
			<aspectratio>keep</aspectratio>
			<texture>media/logo.png</texture>
			<visible>Skin.HasSetting(splash_enabled)</visible>
		</control>
	</controls>
</window>
