<?xml version="1.0" encoding="UTF-8"?>
<addon id="repository.mackodi" name="Mackodi Repository" version="1.0.3" provider-name="Mackodi">
	<extension point="xbmc.addon.repository" name="Mackodi Repository">
		<dir minversion="21.0.0">
			<info compressed="true">https://mcdonald-conor.github.io/mackodi/repo/addons.xml.gz</info>
			<checksum>https://mcdonald-conor.github.io/mackodi/repo/addons.xml.gz.md5</checksum>
			<datadir zip="true">https://mcdonald-conor.github.io/mackodi/repo/zips/</datadir>
		</dir>
	</extension>
	<extension point="xbmc.addon.metadata">
		<summary lang="en_GB">Mackodi add-on repository</summary>
		<description lang="en_GB">Repository for the Mackodi installer and skin.</description>
		<platform>all</platform>
	</extension>
</addon>
